stack_order,priority,phase,batch,id,kind,status,summary,summary_one_line,agent_task,affected_files,docs_refs,audit_id,anchor
1,MEDIUM,B,DOC-UX,FB-DOC-025,change,Done,README: friendly rewrite + copy-paste clone/setup/run,README: friendly rewrite + copy-paste clone/setup/run,"COMPLETED. README: plain-English intro, architecture snippet, Windows/Linux quick setup, copy-paste blocks; lighter technical jargon.",README.md,docs/READY_TO_RUN.MD,,
2,MEDIUM,B,DOC-UX,FB-DOC-024,change,Done,README: Quick start section first (setup.bat / setup.sh table),README: Quick start section first (setup.bat / setup.sh table),COMPLETED. README: move Quick start to top after title; table setup+run; manual setup in details; trim duplicate Windows/Linux sections.,README.md,docs/READY_TO_RUN.MD,,
3,HIGH,B,SETUP-WIN,FB-SETUP-021,platform,Done,setup.bat: Docker Desktop install/wait/sign-in then compose,setup.bat: Docker Desktop install/wait/sign-in then compose,COMPLETED. setup.bat: winget Docker.DockerDesktop or browser download if no docker CLI; loop docker info + start Docker Desktop.exe; pause for optional Hub sign-in; pull+up. NM_SKIP_DOCKER=1 skips Docker only.,setup.bat,README.md|docs/READY_TO_RUN.MD|docs/WINDOWS_OPERATOR_UI.MD,,
4,HIGH,B,SETUP-LIN,FB-SETUP-022,platform,Done,Linux/macOS setup.sh + run.sh (parity with setup.bat/run.bat),Linux/macOS setup.sh + run.sh (parity with setup.bat/run.bat),"COMPLETED. setup.sh: venv, pip install -e .[dev,dashboard], docker compose pull+up or wait for engine / skip prompt; NM_SKIP_DOCKER=1. run.sh: uvicorn + power_supervisor + streamlit foreground.",setup.sh|run.sh,README.md|docs/READY_TO_RUN.MD,,
5,MEDIUM,B,SETUP-DOC,FB-SETUP-023,change,Done,Docs: Windows Docker flow + Linux setup.sh/run.sh,Docs: Windows Docker flow + Linux setup.sh/run.sh,"COMPLETED. README, READY_TO_RUN, WINDOWS_OPERATOR_UI, RUNBOOKS note NM_SKIP_DOCKER; chmod +x setup.sh run.sh.",README.md|docs/READY_TO_RUN.MD|docs/WINDOWS_OPERATOR_UI.MD|docs/RUNBOOKS.MD|docs/QUEUE.MD|docs/QUEUE_ARCHIVE.MD,,,
6,HIGH,B,RUN-DEV,FB-RUN-018,fix,Done,Qdrant memory: query_points for qdrant-client 1.17+,Qdrant memory: query_points for qdrant-client 1.17+,COMPLETED. data_plane/memory/qdrant_memory.py uses QdrantClient.query_points instead of removed .search(); fixes AttributeError on Windows run.bat.,data_plane/memory/qdrant_memory.py,docs/RUNBOOKS.MD,,
7,HIGH,B,RUN-DEV,FB-RUN-019,fix,Done,Default paper mode + skip orders when venue env creds missing,Default paper mode + skip orders when venue env creds missing,COMPLETED. default.yaml execution.mode paper; execution/credentials.py + live_service skip submit_order when env creds absent (one startup WARNING). Stops live loop Coinbase error spam without NM_COINBASE_*.,app/config/default.yaml|app/runtime/live_service.py|execution/credentials.py,README.md|docs/RUNBOOKS.MD,,
8,MEDIUM,C,INF-QDR,FB-INF-020,platform,Done,Docker Qdrant image v1.17.1 (align with qdrant-client),Docker Qdrant image v1.17.1 (align with qdrant-client),COMPLETED. infra/docker-compose.yml uses qdrant/qdrant:v1.17.1 to match pip qdrant-client major/minor and reduce version skew warnings.,infra/docker-compose.yml,docs/RUNBOOKS.MD,,
9,MEDIUM,B,UX-DOC,FB-UX-016,change,Done,Document Streamlit venue key onboarding (README + RUNBOOKS),Document Streamlit venue key onboarding (README + RUNBOOKS),"COMPLETED. README § Control plane security: FB-UX-015/016 sign-up, NM_STREAMLIT_VENUE_KEYS_REQUIRED, pages 98/99, PER_ASSET_OPERATOR + RUNBOOKS link. RUNBOOKS: new § Streamlit venue key onboarding (FB-UX-015) — prerequisites, behavior, Kraken note.",README.md|docs/RUNBOOKS.MD,docs/PER_ASSET_OPERATOR.MD|.env.example,,#fb-ux-016-venue-onboarding-docs
10,HIGH,B,UX-ONB,FB-UX-015,feature,Done,Sign up page + mandatory venue API key onboarding (Streamlit),Sign up page + mandatory venue API key onboarding (Streamlit),COMPLETED. pages/99_Sign_up.py + pages/98_Setup_API_keys.py; /auth/me|login|register return venue_keys_*; NM_STREAMLIT_VENUE_KEYS_REQUIRED gates require_streamlit_app_access; 0_Login links to Sign up; sidebar Sign up link. Kraken remains env-only.,control_plane/streamlit_util.py|control_plane/pages/0_Login.py|control_plane/pages/98_Setup_API_keys.py|control_plane/pages/99_Sign_up.py|control_plane/api.py|app/contracts/auth_login.py|app/runtime/auth_venue_status.py,docs/PER_ASSET_OPERATOR.MD|.env.example,,#fb-ux-015-venue-onboarding
11,MEDIUM,B,AUD-DOC,FB-AUD-001,change,Done,Production API hardening (docs): TLS firewall API key CORS,Production API hardening (docs): TLS firewall API key CORS,"COMPLETED. Delivered: README and RUNBOOKS subsections for production control plane — TLS, firewall, NM_CONTROL_PLANE_API_KEY or session auth, and restricting CORS when API is not localhost-only. Traceability: audit DOC-A1.",README.md|docs/RUNBOOKS.MD,docs/AUDIT_CODE_REVIEW.MD,DOC-A1,#25-post-audit-hardening-fb-aud
12,MEDIUM,B,AUD-DOC,FB-AUD-002,change,Done,Streamlit route guard docs,Streamlit route guard docs,"COMPLETED. Delivered: README + RUNBOOKS + streamlit_util docstrings for when to set NM_STREAMLIT_ROUTE_GUARD_ENABLED, session env alignment, and NM_CONTROL_PLANE_API_KEY bypass for automation. Traceability: audit DOC-A2.",README.md|docs/RUNBOOKS.MD|control_plane/streamlit_util.py,docs/AUDIT_CODE_REVIEW.MD,DOC-A2,#25-post-audit-hardening-fb-aud
13,MEDIUM,C,CONT-CI,FB-CONT-009,fix,Done,Fix CI: aquasecurity/trivy-action tag resolution,Fix CI: aquasecurity/trivy-action tag resolution,COMPLETED. Pin aquasecurity/trivy-action to v0.35.0 in .github/workflows/ci.yml (upstream tag migration / supply-chain remediation). Traceability: docs/CI_ROOT_CAUSE_ANALYSIS_PROMPT.md.,.github/workflows/ci.yml,docs/CI_ROOT_CAUSE_ANALYSIS_PROMPT.md,,
14,MEDIUM,B,AUD-OPS,FB-AUD-003,platform,Done,Startup warning when API key unset and bind non-loopback,Startup warning when API key unset and bind non-loopback,"COMPLETED. WARNING in control_plane/api.py lifespan when NM_CONTROL_PLANE_API_KEY unset, session auth off, bind not loopback; RUNBOOKS cross-link. Traceability: OPS-A1.",control_plane/api.py|docs/RUNBOOKS.MD,docs/AUDIT_CODE_REVIEW.MD|docs/RUNBOOKS.MD,OPS-A1,#25-post-audit-hardening-fb-aud
15,MEDIUM,B,AUD-OPS,FB-AUD-004,platform,Done,Optional rate limiting for control_plane public exposure,Optional rate limiting for control_plane public exposure,COMPLETED. ControlPlaneRateLimitMiddleware + NM_CONTROL_PLANE_RATE_LIMIT_ENABLED / PER_MINUTE; RUNBOOKS. Traceability: OPS-A2.,control_plane/api.py|docs/RUNBOOKS.MD|infra/,docs/AUDIT_CODE_REVIEW.MD,OPS-A2,#25-post-audit-hardening-fb-aud
16,MEDIUM,B,AUD-QA,FB-AUD-005,tech_debt,Done,Exception logging pass live_service.py,Exception logging pass live_service.py,"COMPLETED. Broad handlers in live_service log symbols (position_reconcile, sentiment). Traceability: QA-A1.",app/runtime/live_service.py,docs/AUDIT_CODE_REVIEW.MD,QA-A1,#25-post-audit-hardening-fb-aud
17,LOW,B,AUD-QA,FB-AUD-006,tech_debt,Done,Exception logging pass asset_page streamlit_util,Exception logging pass asset_page streamlit_util,COMPLETED. asset_page API base caption on failure; streamlit_util operator_logout logs httpx errors. Traceability: QA-A2.,control_plane/asset_page.py|control_plane/streamlit_util.py,docs/AUDIT_CODE_REVIEW.MD,QA-A2,#25-post-audit-hardening-fb-aud
18,MEDIUM,B,AUD-CODE,FB-AUD-007,change,Done,intent_gate.py comment no secret vs preflight,intent_gate.py comment no secret vs preflight,COMPLETED. Docstring in execution/intent_gate.py for unsigned vs preflight. Traceability: CODE-A1.,execution/intent_gate.py,docs/AUDIT_CODE_REVIEW.MD,CODE-A1,#25-post-audit-hardening-fb-aud
19,MEDIUM,B,AUD-CI,FB-AUD-008,platform,Done,CI validate QUEUE_STACK vs open backlog,CI validate QUEUE_STACK vs open backlog,COMPLETED. scripts/ci_queue_consistency.py; lint-test job in .github/workflows/ci.yml. Traceability: CI-A1.,scripts/ci_queue_consistency.py|docs/QUEUE_STACK.csv|docs/QUEUE_ARCHIVE.MD,docs/AUDIT_CODE_REVIEW.MD,CI-A1,#25-post-audit-hardening-fb-aud
20,MEDIUM,B,AUD-SEC,FB-AUD-009,hardening,Done,CORS env allow_origins production allowlist,CORS env allow_origins production allowlist,COMPLETED. NM_CONTROL_PLANE_CORS_ALLOW_ORIGINS + README/RUNBOOKS/.env.example. Traceability: SEC-A1.,control_plane/api.py|.env.example|README.md,docs/AUDIT_CODE_REVIEW.MD,SEC-A1,#25-post-audit-hardening-fb-aud
21,MEDIUM,B,AUD-SEC,FB-AUD-010,change,Done,Document NM_AUTH_SESSION_COOKIE_SECURE HTTPS vs HTTP,Document NM_AUTH_SESSION_COOKIE_SECURE HTTPS vs HTTP,COMPLETED. README + RUNBOOKS + .env.example session cookie HTTPS guidance. Traceability: SEC-A2.,README.md|docs/RUNBOOKS.MD|.env.example,docs/AUDIT_CODE_REVIEW.MD,SEC-A2,#25-post-audit-hardening-fb-aud
22,MEDIUM,B,AUD-SEC,FB-AUD-011,platform,Done,pip-audit in docs or CI,pip-audit in docs or CI,COMPLETED. CI job pip-audit (continue-on-error); README command. Traceability: SEC-A3.,README.md|.github/workflows/ci.yml,docs/AUDIT_CODE_REVIEW.MD,SEC-A3,#25-post-audit-hardening-fb-aud
23,MEDIUM,B,AUD-SEC,FB-AUD-012,hardening,Done,Inventory httpx timeouts TLS,Inventory httpx timeouts TLS,COMPLETED. RUNBOOKS § Outbound HTTP (httpx) — timeouts and TLS defaults. Traceability: SEC-A4.,execution/|control_plane/|orchestration/,docs/AUDIT_CODE_REVIEW.MD|docs/RUNBOOKS.MD,SEC-A4,#25-post-audit-hardening-fb-aud
24,MEDIUM,B,AUD-TEST,FB-AUD-013,platform,Done,Tests require_mutate_operator wrong key,Tests require_mutate_operator wrong key,COMPLETED. tests/test_control_plane_api_key_mutate.py. Traceability: TEST-A1.,tests/test_control_plane_api_key_mutate.py|control_plane/api.py,docs/AUDIT_CODE_REVIEW.MD,TEST-A1,#25-post-audit-hardening-fb-aud
25,LOW,B,AUD-DEBT,FB-AUD-014,tech_debt,Done,Inventory silent except pass,Inventory silent except pass,COMPLETED. RUNBOOKS inventory note (grep for bare except); incremental hardening deferred. Traceability: DEBT-A1.,docs/RUNBOOKS.MD,docs/AUDIT_CODE_REVIEW.MD,DEBT-A1,#25-post-audit-hardening-fb-aud
26,LOW,B,AUD-DATA,FB-AUD-015,reliability,Done,QuestDB writer errors observability,QuestDB writer errors observability,COMPLETED. Prometheus tb_questdb_write_fail_total + RUNBOOKS. Traceability: DATA-A1.,data_plane/storage/questdb.py|observability/metrics.py,docs/AUDIT_CODE_REVIEW.MD|docs/Specs/OBSERVABILITY_AND_INFRA.MD,DATA-A1,#25-post-audit-hardening-fb-aud
27,LOW,B,AUD-MT,FB-AUD-016,hardening,Done,Multi-tenant path review NM_MULTI_TENANT_DATA_SCOPING,Multi-tenant path review NM_MULTI_TENANT_DATA_SCOPING,COMPLETED. RUNBOOKS § Multi-tenant data scoping — review checklist; aligns with tenant_ctx + AGENTS.md. Traceability: MT-A1.,docs/RUNBOOKS.MD,docs/AUDIT_CODE_REVIEW.MD|AGENTS.md,MT-A1,#25-post-audit-hardening-fb-aud
28,LOW,B,AUD-LEG,FB-AUD-017,tech_debt,Done,legacy/ isolation no V3 imports,legacy/ isolation no V3 imports,COMPLETED. scripts/ci_spec_compliance.sh greps legacy package imports outside legacy/. Traceability: LEGACY-A1.,scripts/ci_spec_compliance.sh|legacy/,docs/AUDIT_CODE_REVIEW.MD|AGENTS.md,LEGACY-A1,#25-post-audit-hardening-fb-aud
29,MEDIUM,B,AUD-SUP,FB-AUD-018,platform,Done,pip-audit CI: dedicated venv + release-blocking,pip-audit CI: dedicated venv + release-blocking,"COMPLETED. scripts/ci_pip_audit.sh builds .audit-venv, pip install -e .[dev], pip-audit -l; CI step blocks merges. requests>=2.33.0. Traceability: AUD-SUP-001.",scripts/ci_pip_audit.sh|.github/workflows/ci.yml|pyproject.toml|README.md|docs/RUNBOOKS.MD,docs/reports/AUDIT_REPORT_2026-04-13_full.md,AUD-SUP-001,#full-audit-2026-04-13
30,MEDIUM,B,AUD-SEC,FB-AUD-019,platform,Done,Gitleaks secret scan in CI (Docker),Gitleaks secret scan in CI (Docker),COMPLETED. CI job gitleaks runs zricethezav/gitleaks Docker image on full checkout; AGENTS.md + RUNBOOKS local docker one-liner. Traceability: AUD-SEC-REPO-001.,.github/workflows/ci.yml|AGENTS.md|docs/RUNBOOKS.MD,docs/reports/AUDIT_REPORT_2026-04-13_full.md,AUD-SEC-REPO-001,#full-audit-2026-04-13
31,LOW,B,AUD-STATIC,FB-AUD-020,tech_debt,Done,Bandit High severity in CI + pyproject,Bandit High severity in CI + pyproject,"COMPLETED. scripts/ci_bandit.sh, [tool.bandit] in pyproject.toml, dev extra bandit[toml]; nosec on reviewed RSS/torch lines. Traceability: AUD-STATIC-001.",scripts/ci_bandit.sh|pyproject.toml|.github/workflows/ci.yml|data_plane/ingest/rss_news.py|forecaster_model/inference/torch_infer.py,docs/reports/AUDIT_REPORT_2026-04-13_full.md,AUD-STATIC-001,#full-audit-2026-04-13
32,HIGH,A,CAN-AUD,FB-CAN-001,platform,Done,Produce canonical gap audit artifact and domain inventory,Produce canonical gap audit artifact and domain inventory,"COMPLETED. docs/reports/REPO_VS_CANONICAL_SPECS_GAP_AUDIT.md is the authoritative repo-vs-canonical audit (runtime entrypoints, architecture/config/docs/CI inventory, domain gaps vs canonical/*.md, delete/create/refactor targets, risks, ordered plan, explicit FB-CAN-001..014 domain table + extended ID list). Reviewed 2026-04-18.",docs/reports/REPO_VS_CANONICAL_SPECS_GAP_AUDIT.md|app/runtime/live_service.py|decision_engine/|risk_engine/|execution/|backtesting/|app/config/,docs/Human Provided Specs/new_specs/canonical/APEX_UNIFIED_Full_System_Master_Spec_v2_1_CANONICAL.md|docs/Specs/SYSTEM_OVERVIEW.MD|docs/QUEUE.MD,CANONICAL-GAP-AUDIT,#27-canonical-replacement-program-fb-can
33,HIGH,A,CAN-DOC,FB-CAN-002,change,Done,Adopt canonical specs and de-canonicalize conflicting in-repo specs,Adopt canonical specs and de-canonicalize conflicting in-repo specs,"COMPLETED. Added docs/CANONICAL_SPEC_INDEX.MD (precedence + canonical file index); README + docs/Specs/README.MD + docs/Human Provided Specs/README.MD declare new_specs/canonical as target architecture; blockquote banners on all docs/Specs/*.MD and legacy root Human Provided Specs (MASTER/FORECASTER/POLICY/NIGHTLY/INITIAL) pointing to index. Historical docs retained, marked as-built or legacy vs APEX canonical.",README.md|docs/Specs/|docs/Human Provided Specs/|docs/QUEUE_ARCHIVE.MD,docs/Human Provided Specs/new_specs/canonical/APEX_UNIFIED_Full_System_Master_Spec_v2_1_CANONICAL.md|docs/Human Provided Specs/new_specs/canonical/APEX_Canonical_Configuration_Spec_v1_0.md,CANONICAL-DOCS,#27-canonical-replacement-program-fb-can
34,HIGH,A,CAN-CFG,FB-CAN-003,feature,Done,Overhaul configuration schema to canonical domains,Overhaul configuration schema to canonical domains,"COMPLETED. Added app/config/canonical_config.py (CanonicalMetadata, CanonicalDomains, CanonicalRuntimeConfig), legacy projection synthesize_canonical_from_legacy + merge with optional default.yaml apex_canonical; AppSettings.canonical + load_settings binding; default.yaml apex_canonical stub; tests; docs APP_CONFIG_AND_CONTRACTS, CANONICAL_SPEC_INDEX, QUEUE_SCHEMA.",app/config/settings.py|app/config/default.yaml|tests/|docs/,docs/Human Provided Specs/new_specs/canonical/APEX_Canonical_Configuration_Spec_v1_0.md|docs/Human Provided Specs/new_specs/canonical/APEX_Config_Management_and_Release_Gating_Spec_v1_0.md,CANONICAL-CONFIG,#27-canonical-replacement-program-fb-can
35,HIGH,A,CAN-STATE,FB-CAN-004,feature,Done,Implement canonical state/regime engine with degradation propagation,Implement canonical state/regime engine with degradation propagation,COMPLETED. decision_engine/state_engine.py build_canonical_state + RiskState canonical_size_multiplier; app/contracts/canonical_state.py + RegimeOutput.apex; RiskEngine applies multiplier; tests. Legacy HMM semantic retained for compatibility; apex is source of truth for 5-class regime + degradation.,decision_engine/|models/|app/contracts/|tests/,docs/Human Provided Specs/new_specs/canonical/APEX_State_Regime_Logic_Detail_Spec_v1_0.md|docs/Human Provided Specs/new_specs/canonical/APEX_UNIFIED_Full_System_Master_Spec_v2_1_CANONICAL.md,CANONICAL-STATE,#27-canonical-replacement-program-fb-can
36,HIGH,A,CAN-TRIG,FB-CAN-005,feature,Done,Implement canonical three-stage trigger engine,Implement canonical three-stage trigger engine,COMPLETED. app/contracts/trigger.py TriggerOutput; decision_engine/trigger_engine.py evaluate_trigger; pipeline wires trigger; forecast_diagnostics['trigger'] for replay; run_spec_policy_step gates proposal + scales size by trigger_confidence; tests test_trigger_engine.,decision_engine/|app/contracts/|backtesting/|tests/,docs/Human Provided Specs/new_specs/canonical/APEX_Trigger_Math_Pseudocode_Detail_Spec_v1_0.md|docs/Human Provided Specs/new_specs/canonical/APEX_Decision_Service_Feature_Schema_and_Data_Contracts_v1_0.md,CANONICAL-TRIGGER,#27-canonical-replacement-program-fb-can
37,HIGH,A,CAN-AUCT,FB-CAN-006,feature,Done,Implement opportunity auction scoring and selection constraints,Implement opportunity auction scoring and selection constraints,"COMPLETED. app/contracts/auction.py; decision_engine/auction_engine.py run_opportunity_auction (long/short/flat ranked, penalties, top-N=1, notional cap); spec_policy_step integrates; forecast_diagnostics['auction']; tests test_auction_engine.",decision_engine/|app/contracts/|tests/,docs/Human Provided Specs/new_specs/canonical/APEX_Auction_Scoring_Constraints_Detail_Spec_v1_0.md|docs/Human Provided Specs/new_specs/canonical/APEX_UNIFIED_Full_System_Master_Spec_v2_1_CANONICAL.md,CANONICAL-AUCTION,#27-canonical-replacement-program-fb-can
38,HIGH,A,CAN-RISK,FB-CAN-007,feature,Done,Replace hard-gate risk engine with canonical risk/sizing architecture,Replace hard-gate risk engine with canonical risk/sizing architecture,COMPLETED. risk_engine/canonical_sizing.py + RiskEngine uses compute_canonical_notional; RiskState sizing inputs from merge_canonical_into_risk; run_step passes portfolio_equity_usd; last_risk_sizing diagnostics; tests test_canonical_risk_sizing.,risk_engine/engine.py|app/contracts/risk.py|app/contracts/decisions.py|tests/,docs/Human Provided Specs/new_specs/canonical/APEX_UNIFIED_Full_System_Master_Spec_v2_1_CANONICAL.md|docs/Human Provided Specs/new_specs/canonical/APEX_Canonical_Configuration_Spec_v1_0.md,CANONICAL-RISK,#27-canonical-replacement-program-fb-can
39,HIGH,A,CAN-EXEC,FB-CAN-008,feature,Done,Replace execution logic with confidence/style/stress/partial-fill model,Replace execution logic with confidence/style/stress/partial-fill model,COMPLETED. execution/execution_logic.py + ExecutionGuidance; ExecutionService.prepare; live_service builds execution_context + feedback; to_order_intent(sign=False) path; tests test_execution_logic.,execution/service.py|execution/|app/contracts/|tests/,docs/Human Provided Specs/new_specs/canonical/APEX_Execution_Logic_Detail_Spec_v1_0.md|docs/Human Provided Specs/new_specs/canonical/APEX_UNIFIED_Full_System_Master_Spec_v2_1_CANONICAL.md,CANONICAL-EXEC,#27-canonical-replacement-program-fb-can
40,MEDIUM,A,CAN-REPL,FB-CAN-009,feature,Done,Align replay/simulation interface with canonical event contracts,Align replay/simulation interface with canonical event contracts,COMPLETED. app/contracts/replay_events.py; replay_contract + emit_canonical_events + fault_injection; replay_core + deterministic run_decision_tick; decision_output includes trigger/auction/risk sizing; tests test_replay_canonical_events.,backtesting/|decision_engine/run_step.py|tests/,docs/Human Provided Specs/new_specs/canonical/APEX_Replay_and_Simulation_Interface_Spec_v1_0.md|docs/Human Provided Specs/new_specs/canonical/APEX_Decision_Service_Feature_Schema_and_Data_Contracts_v1_0.md,CANONICAL-REPLAY,#27-canonical-replacement-program-fb-can
41,MEDIUM,B,CAN-MON,FB-CAN-010,feature,Done,Implement canonical monitoring and alerting metric families,Implement canonical monitoring and alerting metric families,COMPLETED. observability/canonical_metrics.py tb_canonical_*; record in run_decision_tick; docs MONITORING_CANONICAL.MD; Grafana tb-overview panels; tests test_canonical_metrics.,observability/|control_plane/|infra/|docs/,docs/Human Provided Specs/new_specs/canonical/APEX_Monitoring_and_Alerting_Spec_v1_0.md,CANONICAL-MONITORING,#27-canonical-replacement-program-fb-can
42,MEDIUM,B,CAN-GOV,FB-CAN-011,platform,Done,Add release gating and experiment registry integration,Add release gating and experiment registry integration,"Implement config/logic release lifecycle and promotion gates (research→simulation→shadow→live), with immutable versioning and rollback metadata. Add experiment registry records linking hypotheses, replay/scenario evidence, shadow results, and release candidates to enforce canonical governance requirements.",models/|orchestration/|scripts/|docs/|tests/,docs/Human Provided Specs/new_specs/canonical/APEX_Config_Management_and_Release_Gating_Spec_v1_0.md|docs/Human Provided Specs/new_specs/canonical/APEX_Research_Experiment_Registry_Spec_v1_0.md,CANONICAL-GOVERNANCE,#27-canonical-replacement-program-fb-can
43,MEDIUM,A,CAN-DEL,FB-CAN-012,tech_debt,Done,Hard-delete obsolete legacy architecture paths post-migration,Hard-delete obsolete legacy architecture paths post-migration,"After replacement modules are active, delete obsolete pipeline code and contracts tied to legacy architecture (ForecastPacket/PolicySystem-only flow, stale wrappers, conflicting settings, superseded docs) per the canonical gap audit deletion list. Do not keep long-term dual-path logic; only preserve temporary shims with explicit expiry and removal commits.",decision_engine/|risk_engine/|execution/|app/config/|docs/Specs/|tests/,docs/reports/REPO_VS_CANONICAL_SPECS_GAP_AUDIT.md,CANONICAL-DELETION,#27-canonical-replacement-program-fb-can
44,HIGH,B,CAN-TEST,FB-CAN-013,platform,Done,Replace tests and CI gates for canonical behavior,Replace tests and CI gates for canonical behavior,"Replace obsolete tests asserting legacy architecture, then add canonical contract tests for state/trigger/auction/risk/execution/replay/governance domains. Update CI scripts and workflow so merge gates enforce canonical schemas and release-gating evidence checks rather than legacy-only invariants.",tests/|scripts/|.github/workflows/ci.yml|docs/Specs/TESTING_AND_CI.MD,docs/Human Provided Specs/new_specs/canonical/APEX_UNIFIED_Full_System_Master_Spec_v2_1_CANONICAL.md|docs/Human Provided Specs/new_specs/canonical/APEX_Replay_and_Simulation_Interface_Spec_v1_0.md,CANONICAL-TEST-CI,#27-canonical-replacement-program-fb-can
45,MEDIUM,B,CAN-CLEAN,FB-CAN-014,change,Done,Final canonical docs and module-structure cleanup,Final canonical docs and module-structure cleanup,"Finalize end-state repository structure and docs after canonical migration: publish module map, responsibility boundaries, removed-module tombstones, operator runbooks, and migration notes. Ensure README/docs/spec pointers consistently reference canonical architecture and no stale contradictory guidance remains.",README.md|docs/|app/|decision_engine/|risk_engine/|execution/|backtesting/,docs/reports/REPO_VS_CANONICAL_SPECS_GAP_AUDIT.md|docs/Human Provided Specs/new_specs/canonical/APEX_UNIFIED_Full_System_Master_Spec_v2_1_CANONICAL.md,CANONICAL-CLEANUP,#27-canonical-replacement-program-fb-can
46,HIGH,A,CAN-DATA,FB-CAN-015,feature,Done,Canonical data contract layer for market/structural/safety/execution snapshots,Canonical data contract layer for market/structural/safety/execution snapshots,"Implement canonical input contract models and validators for Market Snapshot, Structural Signal Snapshot, Safety/Regime Snapshot, Execution Feedback Snapshot, and Service Configuration Snapshot. Replace ad-hoc feature dictionaries at decision boundaries with typed canonical snapshots and explicit freshness/confidence semantics from the canonical data contract spec.",app/contracts/|decision_engine/|data_plane/|tests/,docs/Human Provided Specs/new_specs/canonical/APEX_Decision_Service_Feature_Schema_and_Data_Contracts_v1_0.md,CANONICAL-DATA-CONTRACTS,#27-canonical-replacement-program-fb-can
47,HIGH,A,CAN-NORM,FB-CAN-016,feature,Done,Normalize ingestion outputs to canonical feature families and confidence fields,Normalize ingestion outputs to canonical feature families and confidence fields,Refactor ingest/normalization outputs so all upstream signals carry canonical freshness/reliability/confidence fields and normalized naming. Add mapping/validation for required signal families and reject incomplete snapshots according to canonical degradation rules.,data_plane/ingest/|data_plane/features/|app/contracts/|tests/,docs/Human Provided Specs/new_specs/canonical/APEX_Decision_Service_Feature_Schema_and_Data_Contracts_v1_0.md|docs/Human Provided Specs/new_specs/canonical/APEX_Canonical_Configuration_Spec_v1_0.md,CANONICAL-NORMALIZATION,#27-canonical-replacement-program-fb-can
48,MEDIUM,A,CAN-STR,FB-CAN-017,feature,Done,Replace legacy ForecastPacket-centric structure output contract,Replace legacy ForecastPacket-centric structure output contract,Replace or adapt ForecastPacket-centric interfaces so structure/forecast outputs align to canonical structure inputs required by trigger and auction domains. Remove legacy-only packet fields that do not map to canonical semantics and add migration adapters with expiry if needed.,app/contracts/forecast_packet.py|decision_engine/pipeline.py|forecaster_model/|tests/,docs/Human Provided Specs/new_specs/canonical/APEX_UNIFIED_Full_System_Master_Spec_v2_1_CANONICAL.md,CANONICAL-STRUCTURE-CONTRACT,#27-canonical-replacement-program-fb-can
49,MEDIUM,A,CAN-CARRY,FB-CAN-018,feature,Done,Implement carry sleeve domain required by canonical architecture,Implement carry sleeve domain required by canonical architecture,"Create explicit carry sleeve module with eligibility, sizing boundaries, and interaction rules with directional strategy risk. Integrate carry sleeve observability and replay hooks so carry behavior is deterministic and auditable.",carry_sleeve/|decision_engine/|risk_engine/|backtesting/|tests/,docs/Human Provided Specs/new_specs/canonical/APEX_UNIFIED_Full_System_Master_Spec_v2_1_CANONICAL.md|docs/Human Provided Specs/new_specs/canonical/APEX_Canonical_Configuration_Spec_v1_0.md,CANONICAL-CARRY,#27-canonical-replacement-program-fb-can
50,HIGH,A,CAN-DEL-DEC,FB-CAN-019,tech_debt,Done,Delete obsolete decision_engine modules after canonical cutover,Delete obsolete decision_engine modules after canonical cutover,"After state/trigger/auction orchestration is active, delete obsolete decision_engine modules that encode legacy DecisionPipeline/PolicySystem single-proposal flow. Update imports and remove dead code paths/tests tied to removed modules in the same PR slice.",decision_engine/|tests/,docs/reports/REPO_VS_CANONICAL_SPECS_GAP_AUDIT.md,CANONICAL-DELETE-DECISION,#27-canonical-replacement-program-fb-can
51,HIGH,A,CAN-DEL-RISK,FB-CAN-020,tech_debt,Done,Delete obsolete risk_engine branches and contracts,Delete obsolete risk_engine branches and contracts,Remove legacy hard-gate-only risk branches and contract fields that conflict with canonical risk/sizing architecture once canonical risk engine is the only active path. Ensure safety overrides and intent signing invariants remain enforced.,risk_engine/|app/contracts/risk.py|app/contracts/decisions.py|tests/,docs/reports/REPO_VS_CANONICAL_SPECS_GAP_AUDIT.md|docs/RISK_PRECEDENCE.MD,CANONICAL-DELETE-RISK,#27-canonical-replacement-program-fb-can
52,HIGH,A,CAN-DEL-EXEC,FB-CAN-021,tech_debt,Open,Delete obsolete thin execution-only paths,Delete obsolete thin execution-only paths,Delete execution service code paths that assume submit-only behavior once canonical execution confidence/style/stress/partial-fill modules are active. Keep venue adapter interfaces but remove deprecated wrappers and dead routing branches.,execution/service.py|execution/|tests/,docs/reports/REPO_VS_CANONICAL_SPECS_GAP_AUDIT.md|docs/Human Provided Specs/new_specs/canonical/APEX_Execution_Logic_Detail_Spec_v1_0.md,CANONICAL-DELETE-EXECUTION,#27-canonical-replacement-program-fb-can
53,MEDIUM,A,CAN-DEL-CFG,FB-CAN-022,tech_debt,Open,Delete conflicting legacy config keys and env surfaces,Delete conflicting legacy config keys and env surfaces,"After canonical config adoption, remove superseded AppSettings/default.yaml keys and NM_* env mappings that conflict with canonical domains. Provide migration notes and fail-fast warnings for removed keys during one deprecation window, then hard-delete.",app/config/settings.py|app/config/default.yaml|README.md|docs/,docs/Human Provided Specs/new_specs/canonical/APEX_Canonical_Configuration_Spec_v1_0.md|docs/reports/REPO_VS_CANONICAL_SPECS_GAP_AUDIT.md,CANONICAL-DELETE-CONFIG,#27-canonical-replacement-program-fb-can
54,MEDIUM,B,CAN-DEL-DOC,FB-CAN-023,tech_debt,Open,Delete or archive obsolete docs/Specs canonical conflicts,Delete or archive obsolete docs/Specs canonical conflicts,Delete or archive-as-historical conflicting docs under docs/Specs and legacy human spec narratives that contradict canonical specs. Add tombstone/redirect pages where needed so contributors cannot mistake old docs for active architecture requirements.,docs/Specs/|docs/Human Provided Specs/|README.md|docs/,docs/reports/REPO_VS_CANONICAL_SPECS_GAP_AUDIT.md,CANONICAL-DELETE-DOCS,#27-canonical-replacement-program-fb-can
55,HIGH,B,CAN-DEL-TEST,FB-CAN-024,tech_debt,Open,Delete obsolete tests that assert legacy architecture,Delete obsolete tests that assert legacy architecture,Remove tests that lock in legacy DecisionPipeline/PolicySystem/hard-gate-only/thin-execution behavior after canonical replacements land. Replace with canonical domain tests in same slices to avoid temporary coverage regression.,tests/|decision_engine/|risk_engine/|execution/,docs/reports/REPO_VS_CANONICAL_SPECS_GAP_AUDIT.md|docs/Specs/TESTING_AND_CI.MD,CANONICAL-DELETE-TESTS,#27-canonical-replacement-program-fb-can
56,MEDIUM,B,CAN-CI,FB-CAN-025,platform,Open,Add CI gates for canonical contract compliance and deletion completion,Add CI gates for canonical contract compliance and deletion completion,"Add CI scripts/checks that enforce canonical contract schemas, required config metadata/version fields, replay determinism checks, and hard-fail if forbidden legacy modules remain after designated cutover IDs. Ensure queue consistency gate includes canonical batch IDs.",scripts/|.github/workflows/ci.yml|tests/|docs/,docs/Human Provided Specs/new_specs/canonical/APEX_Config_Management_and_Release_Gating_Spec_v1_0.md|docs/reports/REPO_VS_CANONICAL_SPECS_GAP_AUDIT.md,CANONICAL-CI-GATES,#27-canonical-replacement-program-fb-can
57,MEDIUM,B,CAN-REL,FB-CAN-026,platform,Open,Implement config/version diffing and release evidence bundles,Implement config/version diffing and release evidence bundles,"Implement artifacts and APIs for config version diffs, logic version references, replay/shadow evidence bundles, and rollback target metadata required for release gating. Make these outputs consumable by control-plane and CI promotion checks.",models/|orchestration/|control_plane/|scripts/|docs/,docs/Human Provided Specs/new_specs/canonical/APEX_Config_Management_and_Release_Gating_Spec_v1_0.md,CANONICAL-RELEASE-EVIDENCE,#27-canonical-replacement-program-fb-can
58,MEDIUM,B,CAN-EXP,FB-CAN-027,feature,Open,Implement experiment registry CRUD and linkage to release candidates,Implement experiment registry CRUD and linkage to release candidates,"Create experiment registry models/storage/APIs with required canonical fields (hypothesis, metrics-defined-before-run, failure modes, replay/scenario/shadow references, release candidate links). Enforce lifecycle transitions and traceability from experiment to promotion decision.",research/|models/|control_plane/|docs/|tests/,docs/Human Provided Specs/new_specs/canonical/APEX_Research_Experiment_Registry_Spec_v1_0.md,CANONICAL-EXPERIMENT-REGISTRY,#27-canonical-replacement-program-fb-can
59,MEDIUM,B,CAN-MON-ALRT,FB-CAN-028,feature,Open,Build alert policies and dashboards for canonical domain health,Build alert policies and dashboards for canonical domain health,"Define and implement canonical alert thresholds, routing, and dashboards for decision quality, suppressions, degradation occupancy, execution edge erosion, replay-shadow divergence, and governance anomalies. Ensure alerts are actionable and non-noisy per canonical monitoring spec.",observability/|infra/|control_plane/|docs/,docs/Human Provided Specs/new_specs/canonical/APEX_Monitoring_and_Alerting_Spec_v1_0.md,CANONICAL-ALERTING,#27-canonical-replacement-program-fb-can
60,HIGH,A,CAN-RUNTIME,FB-CAN-029,feature,Open,Refactor live runtime orchestration to canonical domain sequence,Refactor live runtime orchestration to canonical domain sequence,Refactor app/runtime/live_service.py and shared run-step orchestration to explicit canonical sequence: normalize -> state -> structure -> trigger -> auction -> risk -> execution guidance -> intent/output -> feedback. Remove hidden coupling to legacy decision pipeline once canonical orchestrator is stable.,app/runtime/live_service.py|decision_engine/run_step.py|decision_engine/|execution/|risk_engine/,docs/Human Provided Specs/new_specs/canonical/APEX_UNIFIED_Full_System_Master_Spec_v2_1_CANONICAL.md,CANONICAL-RUNTIME-ORCHESTRATION,#27-canonical-replacement-program-fb-can
61,HIGH,A,CAN-REPLAY-DELTA,FB-CAN-030,feature,Open,Close live-vs-replay divergence and enforce deterministic equivalence rules,Close live-vs-replay divergence and enforce deterministic equivalence rules,"Implement deterministic equivalence harness between live decisions and replay under identical inputs/config/logic versions, including canonical event emission and diff reports. Block promotion when divergence thresholds exceed policy.",backtesting/|decision_engine/run_step.py|tests/|scripts/|docs/,docs/Human Provided Specs/new_specs/canonical/APEX_Replay_and_Simulation_Interface_Spec_v1_0.md|docs/Human Provided Specs/new_specs/canonical/APEX_Config_Management_and_Release_Gating_Spec_v1_0.md,CANONICAL-LIVE-REPLAY-EQUIV,#27-canonical-replacement-program-fb-can
62,HIGH,A,CAN-TRIG-MISSED,FB-CAN-031,feature,Open,Implement missed-move handling and trigger false-positive memory penalties,Implement missed-move handling and trigger false-positive memory penalties,"Implement explicit missed-move flagging and false-positive memory feedback required by canonical trigger and auction specs. Ensure missed-move suppresses ineligible candidates, and false-positive history contributes to auction penalties with deterministic replay visibility.",decision_engine/trigger_engine.py|decision_engine/auction_engine.py|app/contracts/|backtesting/|tests/,docs/Human Provided Specs/new_specs/canonical/APEX_Trigger_Math_Pseudocode_Detail_Spec_v1_0.md|docs/Human Provided Specs/new_specs/canonical/APEX_Auction_Scoring_Constraints_Detail_Spec_v1_0.md,CANONICAL-MISSED-MOVE,#27-canonical-replacement-program-fb-can
63,MEDIUM,A,CAN-SIGNAL-FAM,FB-CAN-032,feature,Open,Implement canonical per-signal confidence/decay families and enable flags,Implement canonical per-signal confidence/decay families and enable flags,"Implement canonical signal confidence domain with per-family floors/caps/decay/latency/reliability parameters and feature-family enablement flags. Cover required families (funding, OI, basis, liquidation, cross-venue divergence, stablecoin proxy, execution feedback, novelty, heat components).",app/config/|data_plane/features/|decision_engine/|tests/,docs/Human Provided Specs/new_specs/canonical/APEX_Canonical_Configuration_Spec_v1_0.md,CANONICAL-SIGNAL-FAMILIES,#27-canonical-replacement-program-fb-can
64,HIGH,A,CAN-STATE-OVR,FB-CAN-033,feature,Open,Implement hard override taxonomy and degradation transition logging,Implement hard override taxonomy and degradation transition logging,"Implement explicit hard override taxonomy and degradation state transition accounting in state/risk layers, with deterministic event logging for override type, transition counts, and occupancy durations. Ensure downstream trade suppression behavior matches canonical safety semantics.",decision_engine/state_engine.py|risk_engine/|observability/|app/contracts/|tests/,docs/Human Provided Specs/new_specs/canonical/APEX_State_Regime_Logic_Detail_Spec_v1_0.md|docs/Human Provided Specs/new_specs/canonical/APEX_Monitoring_and_Alerting_Spec_v1_0.md,CANONICAL-OVERRIDE-DEGRADE,#27-canonical-replacement-program-fb-can
65,MEDIUM,A,CAN-AUCT-CORR,FB-CAN-034,feature,Open,Add candidate correlation/thesis clustering penalties to auction,Add candidate correlation/thesis clustering penalties to auction,"Implement explicit candidate-correlation, overlap, and thesis-clustering penalties/constraints in auction ranking and selection caps. Include deterministic clustering metadata in decision records and replay outputs.",decision_engine/auction_engine.py|app/contracts/|backtesting/|tests/,docs/Human Provided Specs/new_specs/canonical/APEX_Auction_Scoring_Constraints_Detail_Spec_v1_0.md,CANONICAL-AUCTION-CORRELATION,#27-canonical-replacement-program-fb-can
66,MEDIUM,A,CAN-EXEC-FEED,FB-CAN-035,feature,Open,Implement execution feedback memory into future decision quality,Implement execution feedback memory into future decision quality,"Implement slow-moving execution feedback memory (realized slippage, fill ratio/latency, venue degradation) that feeds execution confidence and decision-quality penalties over time. Persist and replay this feedback deterministically.",execution/|decision_engine/|data_plane/memory/|backtesting/|tests/,docs/Human Provided Specs/new_specs/canonical/APEX_Execution_Logic_Detail_Spec_v1_0.md|docs/Human Provided Specs/new_specs/canonical/APEX_Canonical_Configuration_Spec_v1_0.md,CANONICAL-EXEC-FEEDBACK,#27-canonical-replacement-program-fb-can
67,MEDIUM,B,CAN-DEC-REC,FB-CAN-036,feature,Open,Implement canonical decision record + suppression/safety event outputs,Implement canonical decision record + suppression/safety event outputs,"Implement canonical output contracts for Trade Intent, Reduce Exposure Intent, No-Trade Decision, Suppression Event, Safety Override Event, and Decision Record. Ensure every no-trade path emits explicit reason codes and structured diagnostics.",app/contracts/|decision_engine/|risk_engine/|control_plane/api.py|tests/,docs/Human Provided Specs/new_specs/canonical/APEX_Decision_Service_Feature_Schema_and_Data_Contracts_v1_0.md,CANONICAL-DECISION-RECORD,#27-canonical-replacement-program-fb-can
68,MEDIUM,B,CAN-FAULT,FB-CAN-037,feature,Open,Add canonical fault injection profiles for simulation and promotion gates,Add canonical fault injection profiles for simulation and promotion gates,"Implement fault-injection profiles (data degradation, latency stress, execution degradation) in replay/simulation and require these scenarios in release evidence bundles before promotion.",backtesting/|orchestration/|scripts/|tests/|docs/,docs/Human Provided Specs/new_specs/canonical/APEX_Replay_and_Simulation_Interface_Spec_v1_0.md|docs/Human Provided Specs/new_specs/canonical/APEX_Config_Management_and_Release_Gating_Spec_v1_0.md,CANONICAL-FAULT-INJECTION,#27-canonical-replacement-program-fb-can
69,MEDIUM,B,CAN-SHADOW,FB-CAN-038,platform,Open,Implement shadow environment comparison and promotion thresholds,Implement shadow environment comparison and promotion thresholds,"Implement explicit shadow-mode evaluation pipelines with configured divergence thresholds, probation windows, and promotion/rollback criteria. Persist comparison results as structured release evidence and expose via governance APIs.",orchestration/|models/|control_plane/|scripts/|tests/,docs/Human Provided Specs/new_specs/canonical/APEX_Config_Management_and_Release_Gating_Spec_v1_0.md|docs/Human Provided Specs/new_specs/canonical/APEX_Replay_and_Simulation_Interface_Spec_v1_0.md,CANONICAL-SHADOW-GATING,#27-canonical-replacement-program-fb-can
70,MEDIUM,B,CAN-MON-DRIFT,FB-CAN-039,feature,Open,Implement calibration/drift monitoring families and alerts,Implement calibration/drift monitoring families and alerts,"Implement canonical drift and calibration metrics/alerts, including realized-vs-theoretical edge erosion, confidence calibration drift, and replay-shadow divergence trend monitors with alert escalation policies.",observability/|infra/|control_plane/|tests/|docs/,docs/Human Provided Specs/new_specs/canonical/APEX_Monitoring_and_Alerting_Spec_v1_0.md,CANONICAL-DRIFT-MONITORING,#27-canonical-replacement-program-fb-can
71,LOW,B,CAN-DOC-GLOSS,FB-CAN-040,change,Open,Add canonical glossary/mapping table to eliminate ambiguous old naming,Add canonical glossary/mapping table to eliminate ambiguous old naming,"Publish canonical glossary and old->new terminology mapping (e.g., legacy ForecastPacket/PolicySystem terms vs state/trigger/auction contracts) and enforce glossary references in docs and PR templates to reduce ambiguity during migration.",docs/|README.md|.github/|tests/,docs/Human Provided Specs/new_specs/canonical/APEX_UNIFIED_Full_System_Master_Spec_v2_1_CANONICAL.md|docs/reports/REPO_VS_CANONICAL_SPECS_GAP_AUDIT.md,CANONICAL-GLOSSARY,#27-canonical-replacement-program-fb-can
72,HIGH,A,CAN-STATE-REGIME,FB-CAN-041,feature,Open,Implement full 5-class regime probability vector and transition confidence math,Implement full 5-class regime probability vector and transition confidence math,"Implement canonical regime vector with classes trend/range/stress/dislocated/transition, normalized probabilities, regime confidence separation metric, and transition probability computation. Ensure all downstream consumers read probability vectors (not hard labels only) and replay records full state output.",decision_engine/state_engine.py|app/contracts/|backtesting/|tests/,docs/Human Provided Specs/new_specs/canonical/APEX_State_Regime_Logic_Detail_Spec_v1_0.md,CANONICAL-REGIME-VECTOR,#27-canonical-replacement-program-fb-can
73,MEDIUM,A,CAN-STATE-HEAT,FB-CAN-042,feature,Open,Implement novelty/heat/reflexivity score stack and propagation,Implement novelty/heat/reflexivity score stack and propagation,"Implement canonical novelty score, crypto heat score, and reflexivity score components with bounded normalization and propagation into trigger/auction/risk degradation penalties. Add observability distributions and replay trace fields.",decision_engine/state_engine.py|decision_engine/trigger_engine.py|risk_engine/|observability/|tests/,docs/Human Provided Specs/new_specs/canonical/APEX_State_Regime_Logic_Detail_Spec_v1_0.md|docs/Human Provided Specs/new_specs/canonical/APEX_Monitoring_and_Alerting_Spec_v1_0.md,CANONICAL-HEAT-REFLEXIVITY,#27-canonical-replacement-program-fb-can
74,MEDIUM,A,CAN-TRIG-STAGE,FB-CAN-043,feature,Open,Implement explicit Setup/Pre-Trigger/Confirm stage records and latency metrics,Implement explicit Setup/Pre-Trigger/Confirm stage records and latency metrics,"Add canonical trigger-stage state machine records including setup pass, pre-trigger pass, confirm pass, stage timestamps, and setup->confirm latency metrics. Store stage failure reason codes and expose via decision records and monitoring.",decision_engine/trigger_engine.py|app/contracts/|observability/|backtesting/|tests/,docs/Human Provided Specs/new_specs/canonical/APEX_Trigger_Math_Pseudocode_Detail_Spec_v1_0.md|docs/Human Provided Specs/new_specs/canonical/APEX_Monitoring_and_Alerting_Spec_v1_0.md,CANONICAL-TRIGGER-STAGES,#27-canonical-replacement-program-fb-can
75,MEDIUM,A,CAN-AUCT-TOPN,FB-CAN-044,feature,Open,Implement auction throughput bounds and top-N saturation controls,Implement auction throughput bounds and top-N saturation controls,"Implement canonical auction throughput bounds: max candidate count, top-N selection caps, saturation metrics, and deterministic tie-break ordering. Add suppression reasons when candidates are excluded by throughput constraints.",decision_engine/auction_engine.py|app/contracts/|observability/|tests/,docs/Human Provided Specs/new_specs/canonical/APEX_Auction_Scoring_Constraints_Detail_Spec_v1_0.md,CANONICAL-AUCTION-TOPN,#27-canonical-replacement-program-fb-can
76,HIGH,A,CAN-RISK-SIZE,FB-CAN-045,feature,Open,"Implement canonical sizing formula stack (inertia, asymmetry cap, degradation multipliers)","Implement canonical sizing formula stack (inertia, asymmetry cap, degradation multipliers)","Implement canonical sizing stack with position inertia, capped asymmetry boosts, degradation multipliers, edge-budget scaling, and concentration-aware caps. Provide transparent intermediate terms in risk diagnostics and replay outputs.",risk_engine/|app/contracts/risk.py|decision_engine/|tests/,docs/Human Provided Specs/new_specs/canonical/APEX_UNIFIED_Full_System_Master_Spec_v2_1_CANONICAL.md|docs/Human Provided Specs/new_specs/canonical/APEX_Canonical_Configuration_Spec_v1_0.md,CANONICAL-SIZING-STACK,#27-canonical-replacement-program-fb-can
77,MEDIUM,A,CAN-RISK-THESIS,FB-CAN-046,feature,Open,Implement thesis-aware concentration and overlap risk constraints,Implement thesis-aware concentration and overlap risk constraints,Implement thesis-aware concentration controls linking candidate thesis clusters and existing portfolio exposure. Enforce overlap caps and offense/defense posture adjustments when liquidation or stress structure dominates.,risk_engine/|decision_engine/auction_engine.py|app/contracts/|tests/,docs/Human Provided Specs/new_specs/canonical/APEX_Auction_Scoring_Constraints_Detail_Spec_v1_0.md|docs/Human Provided Specs/new_specs/canonical/APEX_UNIFIED_Full_System_Master_Spec_v2_1_CANONICAL.md,CANONICAL-THESIS-RISK,#27-canonical-replacement-program-fb-can
78,HIGH,A,CAN-EXEC-STYLE,FB-CAN-047,feature,Open,Implement execution style policy (passive/aggressive/staggered/twap) with urgency logic,Implement execution style policy (passive/aggressive/staggered/twap) with urgency logic,"Implement canonical execution style selector with deterministic thresholds for passive/aggressive/staggered/twap, urgency handling, and remaining-edge checks. Emit style choice + rationale in execution decision records.",execution/|app/contracts/|observability/|tests/,docs/Human Provided Specs/new_specs/canonical/APEX_Execution_Logic_Detail_Spec_v1_0.md,CANONICAL-EXEC-STYLE,#27-canonical-replacement-program-fb-can
79,MEDIUM,A,CAN-EXEC-PFILL,FB-CAN-048,feature,Open,Implement partial-fill reconciliation and residual-intent logic,Implement partial-fill reconciliation and residual-intent logic,"Implement canonical partial-fill reconciliation including residual quantity handling, cancel/replace policy, residual edge checks, and feedback events. Ensure replay simulator models partial-fill outcomes with same logic interface.",execution/|backtesting/|app/contracts/|tests/,docs/Human Provided Specs/new_specs/canonical/APEX_Execution_Logic_Detail_Spec_v1_0.md|docs/Human Provided Specs/new_specs/canonical/APEX_Replay_and_Simulation_Interface_Spec_v1_0.md,CANONICAL-PARTIAL-FILLS,#27-canonical-replacement-program-fb-can
80,MEDIUM,A,CAN-DATA-STRUCT,FB-CAN-049,feature,Open,Implement structural signal ingestion families (funding/OI/basis/liquidations/divergence),Implement structural signal ingestion families (funding/OI/basis/liquidations/divergence),"Implement/normalize structural signal ingestion families required by canonical specs: funding, open interest structure, basis/perp-spot divergence, liquidation structure, and cross-exchange divergence. Include confidence/freshness normalization and missing-data degradation behavior.",data_plane/ingest/|data_plane/features/|app/contracts/|tests/,docs/Human Provided Specs/new_specs/canonical/APEX_Decision_Service_Feature_Schema_and_Data_Contracts_v1_0.md|docs/Human Provided Specs/new_specs/canonical/APEX_UNIFIED_Full_System_Master_Spec_v2_1_CANONICAL.md,CANONICAL-STRUCTURAL-DATA,#27-canonical-replacement-program-fb-can
81,MEDIUM,A,CAN-DATA-OPTIONS,FB-CAN-050,feature,Open,Implement options-context and stablecoin-flow proxy feature families,Implement options-context and stablecoin-flow proxy feature families,Implement optional canonical feature families for options context and stablecoin flow proxy with explicit availability rates and fallback behavior. Integrate into signal confidence domain and monitoring.,data_plane/features/|decision_engine/|observability/|app/config/|tests/,docs/Human Provided Specs/new_specs/canonical/APEX_Canonical_Configuration_Spec_v1_0.md|docs/Human Provided Specs/new_specs/canonical/APEX_Monitoring_and_Alerting_Spec_v1_0.md,CANONICAL-OPTIONS-STABLECOIN,#27-canonical-replacement-program-fb-can
82,MEDIUM,B,CAN-GOV-OBJ,FB-CAN-051,platform,Open,Implement release-object model (config/logic/model-family/feature-family/combined),Implement release-object model (config/logic/model-family/feature-family/combined),"Implement canonical release-object schema and APIs across config release, logic release, model-family release, feature-family release, and combined release, each with owner/rationale/evidence/rollback metadata.",models/|orchestration/|control_plane/|app/contracts/|tests/,docs/Human Provided Specs/new_specs/canonical/APEX_Config_Management_and_Release_Gating_Spec_v1_0.md,CANONICAL-RELEASE-OBJECTS,#27-canonical-replacement-program-fb-can
83,MEDIUM,B,CAN-GOV-ENV,FB-CAN-052,platform,Open,Implement research/simulation/shadow/live environment-stage enforcement,Implement research/simulation/shadow/live environment-stage enforcement,Implement canonical environment-stage progression rules and enforcement so approvals are explicit per stage (research->simulation->shadow->live) with no implicit cross-stage promotion.,orchestration/|scripts/|models/|docs/|tests/,docs/Human Provided Specs/new_specs/canonical/APEX_Config_Management_and_Release_Gating_Spec_v1_0.md,CANONICAL-ENV-STAGES,#27-canonical-replacement-program-fb-can
84,LOW,B,CAN-GOV-ROLL,FB-CAN-053,platform,Open,Implement explicit rollback playbooks and rollback-target validation,Implement explicit rollback playbooks and rollback-target validation,Implement rollback artifact validation and operator rollback playbooks linked to release objects; require rollback target references for all promotable releases and test rollback viability in CI simulation checks.,docs/|scripts/|orchestration/|control_plane/|tests/,docs/Human Provided Specs/new_specs/canonical/APEX_Config_Management_and_Release_Gating_Spec_v1_0.md|docs/RUNBOOKS.MD,CANONICAL-ROLLBACK,#27-canonical-replacement-program-fb-can
85,MEDIUM,B,CAN-EXP-METRICS,FB-CAN-054,feature,Open,Enforce experiment predeclared metrics and failure-mode capture,Enforce experiment predeclared metrics and failure-mode capture,Add registry validators that require predeclared success metrics and failure-mode documentation before experiment completion/promotion states. Reject incomplete experiment records from promotion workflows.,research/|models/|scripts/|tests/,docs/Human Provided Specs/new_specs/canonical/APEX_Research_Experiment_Registry_Spec_v1_0.md,CANONICAL-EXPERIMENT-VALIDATION,#27-canonical-replacement-program-fb-can
86,MEDIUM,B,CAN-REPLAY-MODES,FB-CAN-055,feature,Open,Implement canonical replay modes and event-family coverage checks,Implement canonical replay modes and event-family coverage checks,"Implement replay mode enum and coverage checks for historical_nominal, historical_stress, synthetic_fault_injected, shadow_comparison, trigger_debug, execution_debug; enforce required canonical event families per run.",backtesting/|app/contracts/|scripts/|tests/,docs/Human Provided Specs/new_specs/canonical/APEX_Replay_and_Simulation_Interface_Spec_v1_0.md,CANONICAL-REPLAY-MODES,#27-canonical-replacement-program-fb-can
87,MEDIUM,B,CAN-MON-DOMAINS,FB-CAN-056,feature,Open,Implement monitoring domain coverage checklist and CI assertion,Implement monitoring domain coverage checklist and CI assertion,"Create machine-checkable monitoring domain checklist that asserts metric coverage across all canonical monitoring domains (system, data, state, trigger, auction, risk, execution, carry, drift, replay-shadow, governance). Fail CI when required families are absent.",observability/|scripts/|docs/|tests/,docs/Human Provided Specs/new_specs/canonical/APEX_Monitoring_and_Alerting_Spec_v1_0.md,CANONICAL-MONITORING-COVERAGE,#27-canonical-replacement-program-fb-can
88,LOW,B,CAN-CONFIG-DIFF,FB-CAN-057,platform,Open,Implement immutable config diff audit trail and semantic-change guardrails,Implement immutable config diff audit trail and semantic-change guardrails,Implement immutable config diff audit trail and semantic-change guardrails so config fields cannot silently change meaning across versions. Include diff rendering for operator review and replay compatibility checks.,app/config/|models/|control_plane/|scripts/|tests/,docs/Human Provided Specs/new_specs/canonical/APEX_Canonical_Configuration_Spec_v1_0.md|docs/Human Provided Specs/new_specs/canonical/APEX_Config_Management_and_Release_Gating_Spec_v1_0.md,CANONICAL-CONFIG-DIFF,#27-canonical-replacement-program-fb-can
89,LOW,B,CAN-DOC-TOMBS,FB-CAN-058,change,Open,Add explicit tombstone index for removed modules and removed docs,Add explicit tombstone index for removed modules and removed docs,Add docs index of removed/replaced modules/docs with removal commit links and canonical replacement pointers. Ensure operators and contributors can trace where legacy paths moved and why they were deleted.,docs/|README.md|docs/reports/|tests/,docs/reports/REPO_VS_CANONICAL_SPECS_GAP_AUDIT.md,CANONICAL-TOMBSTONES,#27-canonical-replacement-program-fb-can
90,MEDIUM,A,CAN-RUNTIME-CUT,FB-CAN-059,hardening,Open,Add cutover guard to prevent legacy+canonical dual-path runtime activation,Add cutover guard to prevent legacy+canonical dual-path runtime activation,Implement runtime cutover guard that prevents simultaneous legacy and canonical execution paths after cutover phase. Fail fast on mixed-mode activation unless explicitly in migration-shadow mode with strict flags.,app/runtime/live_service.py|decision_engine/run_step.py|app/config/|tests/,docs/reports/REPO_VS_CANONICAL_SPECS_GAP_AUDIT.md,CANONICAL-CUTOVER-GUARD,#27-canonical-replacement-program-fb-can
91,HIGH,B,CAN-FINAL-PRUNE,FB-CAN-060,tech_debt,Open,Final hard-prune: remove all deprecated canonical-migration shims,Final hard-prune: remove all deprecated canonical-migration shims,"After all canonical modules are primary and validated, remove temporary migration adapters/shims/deprecation compatibility code and any remaining old architecture remnants. This is the final hard-prune slice before declaring canonical completion.",app/|decision_engine/|risk_engine/|execution/|backtesting/|docs/|tests/,docs/reports/REPO_VS_CANONICAL_SPECS_GAP_AUDIT.md,CANONICAL-FINAL-PRUNE,#27-canonical-replacement-program-fb-can
92,MEDIUM,B,CAN-CONFIG-META,FB-CAN-061,feature,Open,Implement canonical config metadata fields and validation rules,Implement canonical config metadata fields and validation rules,"Implement required canonical config metadata fields (config_version, config_name, created_at, created_by, environment_scope, notes, enabled_feature_families, parent version linkage). Add schema validation and migration checks to reject incomplete production configs.",app/config/|models/|scripts/|tests/,docs/Human Provided Specs/new_specs/canonical/APEX_Canonical_Configuration_Spec_v1_0.md,CANONICAL-CONFIG-METADATA,#27-canonical-replacement-program-fb-can
93,MEDIUM,A,CAN-CONTRACT-COMMON,FB-CAN-062,feature,Open,Enforce canonical contract common conventions (UTC/freshness/confidence types),Enforce canonical contract common conventions (UTC/freshness/confidence types),"Implement contract validators for canonical common field conventions: UTC timestamps, bounded confidence/freshness normalization, semantic primitive typing, and missing/degraded data behavior rules. Add tests for malformed payload rejection and deterministic fallback behavior.",app/contracts/|decision_engine/|data_plane/|tests/,docs/Human Provided Specs/new_specs/canonical/APEX_Decision_Service_Feature_Schema_and_Data_Contracts_v1_0.md,CANONICAL-CONTRACT-CONVENTIONS,#27-canonical-replacement-program-fb-can
94,MEDIUM,B,CAN-SUPPRESS-TAX,FB-CAN-063,feature,Open,Implement suppression/safety reason taxonomy and stable reason codes,Implement suppression/safety reason taxonomy and stable reason codes,Define and enforce canonical suppression and safety-override reason taxonomy with stable reason codes across trigger/auction/risk/execution. Ensure all no-trade and reduction decisions emit machine-readable reasons for monitoring and replay forensic analysis.,app/contracts/|decision_engine/|risk_engine/|execution/|observability/|tests/,docs/Human Provided Specs/new_specs/canonical/APEX_Decision_Service_Feature_Schema_and_Data_Contracts_v1_0.md|docs/Human Provided Specs/new_specs/canonical/APEX_Monitoring_and_Alerting_Spec_v1_0.md,CANONICAL-SUPPRESSION-TAXONOMY,#27-canonical-replacement-program-fb-can
95,LOW,B,CAN-CARRY-MON,FB-CAN-064,feature,Open,Implement carry-sleeve monitoring and alert families,Implement carry-sleeve monitoring and alert families,"Add carry-sleeve health metrics/alerts required by canonical monitoring domains, including carry exposure, carry decision quality, and carry-risk suppression indicators; integrate with dashboards and replay diagnostics.",carry_sleeve/|observability/|infra/|control_plane/|tests/,docs/Human Provided Specs/new_specs/canonical/APEX_Monitoring_and_Alerting_Spec_v1_0.md,CANONICAL-CARRY-MONITORING,#27-canonical-replacement-program-fb-can
96,LOW,B,CAN-GOV-MON,FB-CAN-065,feature,Open,Implement governance/operator health monitoring domain,Implement governance/operator health monitoring domain,"Implement governance/operator monitoring metrics and alerts (promotion attempts, gate failures, rollback events, evidence completeness failures, config drift events) required by canonical monitoring spec.",observability/|orchestration/|models/|scripts/|tests/,docs/Human Provided Specs/new_specs/canonical/APEX_Monitoring_and_Alerting_Spec_v1_0.md|docs/Human Provided Specs/new_specs/canonical/APEX_Config_Management_and_Release_Gating_Spec_v1_0.md,CANONICAL-GOV-MONITORING,#27-canonical-replacement-program-fb-can
97,MEDIUM,B,CAN-EVIDENCE-SCHEMA,FB-CAN-066,platform,Open,Define canonical evidence package schema for promotion decisions,Define canonical evidence package schema for promotion decisions,"Define and enforce a canonical evidence package schema that links replay runs, scenario tests, shadow comparisons, key metrics, failure modes, and rollback targets for each promotion decision. Gate releases on schema completeness.",models/|orchestration/|scripts/|docs/|tests/,docs/Human Provided Specs/new_specs/canonical/APEX_Config_Management_and_Release_Gating_Spec_v1_0.md|docs/Human Provided Specs/new_specs/canonical/APEX_Research_Experiment_Registry_Spec_v1_0.md,CANONICAL-EVIDENCE-SCHEMA,#27-canonical-replacement-program-fb-can
98,LOW,B,CAN-CONSTANTS,FB-CAN-067,hardening,Open,Add guardrail against hidden magic constants in canonical paths,Add guardrail against hidden magic constants in canonical paths,Add lint/static checks and review guidance to prevent hidden constants in canonical domains; require configurable thresholds/weights to originate from canonical config versions and fail CI on newly introduced untracked constants in key modules.,scripts/|decision_engine/|risk_engine/|execution/|app/config/|tests/,docs/Human Provided Specs/new_specs/canonical/APEX_Canonical_Configuration_Spec_v1_0.md,CANONICAL-MAGIC-CONSTANT-GUARD,#27-canonical-replacement-program-fb-can
99,LOW,B,CAN-REPLAY-SEED,FB-CAN-068,feature,Open,Enforce deterministic seed and reproducibility metadata across replay/sim,Enforce deterministic seed and reproducibility metadata across replay/sim,"Implement deterministic seed policy and metadata persistence for replay/simulation runs, including run IDs and reproducibility hashes, so identical inputs/config/logic/seed produce identical outputs with auditable provenance.",backtesting/|scripts/|models/|tests/|docs/,docs/Human Provided Specs/new_specs/canonical/APEX_Replay_and_Simulation_Interface_Spec_v1_0.md,CANONICAL-REPLAY-SEEDING,#27-canonical-replacement-program-fb-can
100,LOW,B,CAN-PROBATION,FB-CAN-069,platform,Open,Implement post-release probation-window monitors and abort triggers,Implement post-release probation-window monitors and abort triggers,Implement canonical post-release probation monitoring with automatic abort/rollback trigger policies when divergence or risk-quality thresholds breach defined limits during early live windows.,orchestration/|observability/|models/|scripts/|tests/,docs/Human Provided Specs/new_specs/canonical/APEX_Config_Management_and_Release_Gating_Spec_v1_0.md|docs/Human Provided Specs/new_specs/canonical/APEX_Monitoring_and_Alerting_Spec_v1_0.md,CANONICAL-PROBATION,#27-canonical-replacement-program-fb-can
101,MEDIUM,B,CAN-COVERAGE-MAP,FB-CAN-070,change,Open,Publish canonical spec section-to-queue coverage matrix and closure checklist,Publish canonical spec section-to-queue coverage matrix and closure checklist,"Publish and maintain a machine-readable coverage matrix mapping canonical spec sections to queue IDs, implementation files, and tests. Use the matrix as the completion gate for final canonical migration sign-off.",docs/reports/|scripts/|docs/QUEUE_STACK.csv|tests/,docs/Human Provided Specs/new_specs/canonical/|docs/reports/REPO_VS_CANONICAL_SPECS_GAP_AUDIT.md,CANONICAL-COVERAGE-MATRIX,#27-canonical-replacement-program-fb-can
102,MEDIUM,A,CAN-CONFIG-SNAP,FB-CAN-071,feature,Open,Implement canonical Service Configuration Snapshot contract,Implement canonical Service Configuration Snapshot contract,"Implement explicit service-configuration snapshot contract consumed by decision paths, including config_version, logic_version, enabled feature families, and environment scope bindings. Ensure every decision/replay record references this snapshot id for traceability.",app/contracts/|decision_engine/|backtesting/|app/config/|tests/,docs/Human Provided Specs/new_specs/canonical/APEX_Decision_Service_Feature_Schema_and_Data_Contracts_v1_0.md|docs/Human Provided Specs/new_specs/canonical/APEX_Canonical_Configuration_Spec_v1_0.md,CANONICAL-CONFIG-SNAPSHOT,#27-canonical-replacement-program-fb-can
103,MEDIUM,B,CAN-MON-LAG,FB-CAN-072,feature,Open,Implement processing lag/event-lag and cycle-duration monitoring details,Implement processing lag/event-lag and cycle-duration monitoring details,"Add explicit processing lag, event lag, and decision-cycle duration metric families (with alert thresholds) required by canonical system-health monitoring. Include per-domain lag decomposition for data ingestion vs decision vs execution feedback.",observability/|app/runtime/|decision_engine/|execution/|infra/|tests/,docs/Human Provided Specs/new_specs/canonical/APEX_Monitoring_and_Alerting_Spec_v1_0.md,CANONICAL-LAG-METRICS,#27-canonical-replacement-program-fb-can
104,LOW,A,CAN-STATE-WEEKEND,FB-CAN-073,feature,Open,Implement weekend/low-liquidity mode occupancy handling in state engine,Implement weekend/low-liquidity mode occupancy handling in state engine,Implement weekend/low-liquidity mode occupancy and transition counters in state/regime outputs and monitoring. Propagate mode occupancy to trigger/risk aggression scaling and suppression behavior where configured.,decision_engine/state_engine.py|risk_engine/|observability/|tests/,docs/Human Provided Specs/new_specs/canonical/APEX_State_Regime_Logic_Detail_Spec_v1_0.md|docs/Human Provided Specs/new_specs/canonical/APEX_Monitoring_and_Alerting_Spec_v1_0.md,CANONICAL-WEEKEND-MODE,#27-canonical-replacement-program-fb-can
105,MEDIUM,A,CAN-STATE-EXRISK,FB-CAN-074,feature,Open,Integrate exchange-risk flags and data-integrity warnings into degradation logic,Integrate exchange-risk flags and data-integrity warnings into degradation logic,Integrate exchange risk flags and data integrity warnings as first-class safety inputs into regime/degradation transitions and hard overrides. Emit explicit warning events and suppression reasons tied to these inputs.,decision_engine/state_engine.py|data_plane/|risk_engine/|app/contracts/|tests/,docs/Human Provided Specs/new_specs/canonical/APEX_State_Regime_Logic_Detail_Spec_v1_0.md|docs/Human Provided Specs/new_specs/canonical/APEX_Decision_Service_Feature_Schema_and_Data_Contracts_v1_0.md,CANONICAL-EXCHANGE-RISK,#27-canonical-replacement-program-fb-can
106,LOW,A,CAN-EXEC-LAT,FB-CAN-075,feature,Open,Implement execution latency/reliability quality terms in execution confidence,Implement execution latency/reliability quality terms in execution confidence,Implement explicit latency and reliability quality terms used by execution confidence score and expose their contribution weights/config in canonical config domains. Add replay hooks for latency stress scenarios.,execution/|app/config/|backtesting/|observability/|tests/,docs/Human Provided Specs/new_specs/canonical/APEX_Execution_Logic_Detail_Spec_v1_0.md|docs/Human Provided Specs/new_specs/canonical/APEX_Canonical_Configuration_Spec_v1_0.md,CANONICAL-EXEC-LATENCY-QUALITY,#27-canonical-replacement-program-fb-can
107,MEDIUM,B,CAN-EDGE-MON,FB-CAN-076,feature,Open,Implement edge-budget proxy monitoring and alert thresholds,Implement edge-budget proxy monitoring and alert thresholds,"Implement edge-budget proxy metric family and alert thresholds spanning decision, auction, and execution layers, including realized-vs-theoretical edge erosion monitoring and suppression escalation when edge budget degrades.",decision_engine/|execution/|observability/|infra/|tests/,docs/Human Provided Specs/new_specs/canonical/APEX_Auction_Scoring_Constraints_Detail_Spec_v1_0.md|docs/Human Provided Specs/new_specs/canonical/APEX_Monitoring_and_Alerting_Spec_v1_0.md,CANONICAL-EDGE-BUDGET-MON,#27-canonical-replacement-program-fb-can
108,LOW,B,CAN-BINDING-IMM,FB-CAN-077,hardening,Open,Implement immutable run-binding guard for config+logic+dataset identifiers,Implement immutable run-binding guard for config+logic+dataset identifiers,"Enforce immutable run binding so live/replay/shadow runs persist and expose config_version, logic_version, dataset_id, and seed identifiers with tamper-evident linkage; reject records missing mandatory identifiers.",app/contracts/|backtesting/|orchestration/|models/|tests/,docs/Human Provided Specs/new_specs/canonical/APEX_Replay_and_Simulation_Interface_Spec_v1_0.md|docs/Human Provided Specs/new_specs/canonical/APEX_Config_Management_and_Release_Gating_Spec_v1_0.md,CANONICAL-IMMUTABLE-BINDING,#27-canonical-replacement-program-fb-can
109,MEDIUM,B,CAN-FINAL-AUDIT,FB-CAN-078,platform,Open,Add automated canonical acceptance audit before declaring migration complete,Add automated canonical acceptance audit before declaring migration complete,"Add automated canonical acceptance audit script that validates queue coverage matrix completion, required module existence/deletions, contract conformance checks, and governance evidence readiness. Gate final migration closeout on this report.",scripts/|docs/reports/|tests/|docs/QUEUE_STACK.csv,docs/reports/REPO_VS_CANONICAL_SPECS_GAP_AUDIT.md|docs/Human Provided Specs/new_specs/canonical/,CANONICAL-ACCEPTANCE-AUDIT,#27-canonical-replacement-program-fb-can
9999,LOW,D,,_QUEUE_EMPTY_,deferred,empty,No open queue items,No open queue items,N/A — add work via QUEUE.MD §6.,,,,
